asistencia,promedio,materias_reprobadas,antecedentes,abandono
88.1,6.54,1,0,0
79.9,7.91,2,0,0
58.7,6.57,0,0,1
86.7,5.83,3,0,0
62.2,6.41,1,0,0
96.5,6.53,3,0,0
47.4,8.36,1,1,1
69.2,6.02,2,1,0
95.2,5.56,0,0,0
70.0,5.54,0,1,1
72.9,6.02,2,1,1
49.7,9.35,0,0,0
68.4,8.29,3,0,1
86.0,5.97,1,0,0
92.7,9.08,2,1,0
62.8,8.25,1,1,1
50.7,9.2,1,0,0
89.1,6.4,1,0,0
66.7,7.21,1,0,0
79.5,8.83,3,1,0
47.0,7.21,1,0,0
61.5,9.72,0,0,0
47.6,6.06,0,0,0
65.5,6.33,1,0,1
59.4,8.85,0,1,0
99.5,6.45,4,1,1
66.7,6.34,0,0,0
61.9,9.87,0,1,0
57.2,9.23,0,1,0
72.2,7.72,1,1,0
48.2,8.09,0,1,1
60.9,6.56,3,1,1
57.9,8.31,3,0,1
98.0,6.35,0,0,0
78.9,7.0,0,1,0
92.4,8.83,3,1,0
50.0,5.73,0,1,1
53.2,6.75,0,0,1
82.0,6.61,0,1,0
98.8,8.25,0,0,0
46.3,7.53,0,1,0
94.9,6.36,1,0,0
48.2,8.56,0,0,0
86.6,6.73,1,0,0
48.6,5.99,0,1,1
59.1,6.53,0,0,1
54.3,9.2,0,0,0
55.7,7.19,1,0,0
50.9,5.79,1,1,1
73.6,9.8,0,0,0
45.3,5.53,0,0,1
88.5,9.38,0,0,0
52.6,6.11,0,0,0
50.9,9.23,0,0,0
68.6,9.85,3,0,0
57.0,5.58,1,1,1
91.0,9.67,4,0,0
45.3,5.85,1,0,1
53.2,8.27,2,0,1
83.4,8.24,1,0,0
53.1,6.3,0,0,0
92.9,6.8,1,1,0
73.3,7.54,5,1,1
68.4,7.56,0,0,0
46.0,9.1,2,0,1
72.2,7.88,0,1,0
97.1,8.48,0,0,0
64.0,8.29,0,1,0
67.4,5.88,1,0,1
90.6,7.51,0,0,0
84.3,5.56,1,1,0
71.8,8.26,2,0,0
57.8,7.59,3,0,1
82.0,8.57,2,0,0
76.8,8.76,3,1,1
69.7,9.63,4,0,0
76.7,5.76,2,1,1
62.1,8.4,3,0,0
80.9,9.42,2,0,0
50.0,7.76,0,1,1
65.2,7.84,0,1,0
76.5,5.64,3,0,1
89.6,7.3,0,0,0
70.7,9.91,1,1,0
79.3,6.97,1,0,0
75.7,6.94,0,0,0
63.3,6.43,1,0,1
52.5,8.24,1,0,0
94.7,7.21,0,0,0
57.6,7.91,0,0,0
56.7,6.14,0,0,0
54.8,6.38,0,0,1
81.0,7.81,1,0,0
47.8,9.53,1,0,0
50.0,7.38,2,0,1
83.6,6.26,0,0,0
84.9,7.74,4,0,0
73.4,7.77,1,0,0
81.2,8.28,1,0,0
62.1,9.41,2,0,0
49.3,5.76,1,0,1
84.3,7.37,4,1,0
84.8,8.88,0,0,0
46.3,9.83,3,0,1
51.8,6.06,1,1,1
69.7,7.58,0,0,0
62.5,9.46,0,0,0
71.8,6.05,1,0,0
45.4,7.28,1,0,1
68.1,6.34,2,1,1
68.7,5.71,1,0,1
88.3,8.16,0,0,0
58.2,9.66,0,1,0
56.4,6.69,5,0,1
49.6,9.9,0,0,0
45.7,6.39,4,0,1
81.6,9.61,4,0,0
63.5,7.1,0,0,0
96.8,8.23,0,0,0
77.7,8.24,0,0,0
64.4,5.86,3,0,1
88.1,9.97,0,0,0
91.6,9.01,1,0,0
51.9,6.18,0,0,1
91.6,7.76,3,0,0
54.6,8.35,1,0,0
98.8,6.04,3,1,0
52.9,6.39,2,0,1
51.2,8.0,0,0,0
76.5,5.55,0,1,0
99.9,7.32,2,1,0
45.1,9.49,2,0,1
49.3,6.56,4,0,1
45.1,5.96,0,1,1
48.9,7.26,0,0,0
63.6,9.09,0,1,0
62.4,8.97,0,1,0
74.0,8.88,0,1,0
61.6,5.86,2,1,1
84.0,9.47,3,0,0
58.2,5.85,0,0,1
53.3,6.64,0,0,1
99.9,5.67,3,1,0
93.2,9.1,1,0,0
49.2,5.65,2,0,1
60.6,9.52,0,0,0
51.4,9.9,0,0,0
90.2,9.53,2,0,0
50.7,8.47,3,0,1
52.1,6.8,3,1,1
48.6,8.41,1,0,1
83.8,9.08,0,0,0
71.5,8.02,1,0,0
81.7,7.83,1,0,0
62.4,9.12,0,1,0
73.9,8.23,0,0,0
49.4,6.96,3,0,1
71.1,9.16,0,0,0
100.0,5.58,0,0,0
93.9,7.39,1,0,0
73.5,6.46,0,1,0
82.7,7.59,0,0,0
85.4,9.07,0,0,0
80.8,6.1,1,0,0
69.9,7.68,0,1,0
75.2,8.6,2,0,0
91.1,6.3,1,0,0
89.3,8.77,1,0,0
65.3,7.94,1,0,0
90.4,5.54,1,1,0
77.2,6.89,0,0,0
46.3,8.35,1,0,1
48.7,7.93,1,0,1
58.7,9.56,0,0,0
96.1,9.0,0,0,0
95.7,5.75,5,0,1
88.4,7.16,4,0,0
86.7,6.44,0,0,0
69.5,7.24,0,0,0
61.7,6.36,0,0,0
46.8,9.28,2,1,1
78.7,8.75,1,0,0
79.0,5.58,1,1,0
87.5,5.79,0,1,0
56.5,6.86,2,0,1
53.7,7.43,0,0,0
84.9,8.05,1,1,0
79.3,5.98,1,0,0
49.6,9.3,1,0,0
73.7,5.75,3,0,1
93.2,8.7,0,1,0
45.4,6.16,5,0,1
63.9,8.56,1,1,0
75.9,7.57,0,0,0
87.0,6.97,1,0,0
62.2,9.01,0,0,0
87.2,5.6,2,0,1
59.2,8.79,0,1,0
51.1,5.72,4,1,1
90.2,6.55,0,1,0
78.4,9.21,3,0,0
76.9,6.16,2,0,0
46.8,7.3,0,1,1
95.4,8.07,0,0,0
86.7,6.9,1,1,0
78.5,5.63,3,0,0
61.7,6.21,0,1,0
81.5,7.18,0,1,0
68.4,9.89,0,0,0
91.0,8.09,0,0,0
59.7,7.49,0,0,0
68.1,8.06,2,0,0
75.3,7.31,3,1,1
52.0,8.95,0,0,0
77.5,6.64,1,0,0
78.1,9.77,0,1,0
53.1,9.18,0,1,0
88.1,5.94,1,0,0
46.6,7.79,0,0,0
90.4,7.38,0,1,0
71.2,6.17,0,1,0
84.4,7.56,2,1,0
81.7,6.63,2,0,0
66.8,6.25,2,0,1
85.0,6.17,4,0,1
53.6,8.46,1,0,1
70.9,8.88,0,0,0
48.4,7.07,0,0,0
56.6,7.08,0,0,0
83.3,6.86,2,0,0
50.2,8.36,2,0,1
93.9,6.75,2,1,0
96.9,8.44,1,0,0
85.4,7.23,0,1,0
91.4,6.37,0,0,0
74.3,6.67,1,0,0
74.2,8.48,4,0,1
76.7,7.83,1,0,0
88.7,6.72,0,0,0
48.1,7.26,2,0,1
69.7,9.67,1,1,0
87.3,8.29,3,0,0
92.1,7.97,0,0,0
97.1,7.6,0,0,0
83.3,9.53,0,1,0
70.4,7.53,0,0,0
77.8,8.81,0,0,0
85.1,9.61,0,0,0
69.0,8.9,4,0,1
54.0,7.46,2,0,1
49.1,5.84,0,0,1
84.5,6.12,0,0,0
66.3,5.69,0,1,0
96.4,9.63,1,0,0
45.6,7.19,0,1,1
76.7,8.97,5,0,1
94.3,7.83,1,0,0
57.2,7.99,0,0,0
63.2,7.14,1,0,0
72.4,5.53,0,0,0
64.1,6.25,0,0,0
77.3,9.29,1,0,0
69.1,9.56,0,0,0
47.9,9.03,0,0,0
70.0,7.24,0,0,0
50.9,9.58,2,1,1
84.9,7.54,0,0,0
83.0,9.61,0,0,0
48.0,6.16,4,0,1
91.5,8.58,2,1,0
74.2,5.54,3,1,1
57.7,7.27,0,0,0
63.4,6.09,1,1,1
74.8,6.01,0,0,0
86.3,9.75,3,0,0
49.8,8.91,3,0,1
95.7,9.31,1,0,0
52.5,5.92,0,0,1
86.1,5.93,2,0,0
47.2,6.04,2,0,1
74.8,5.98,2,1,1
48.9,7.96,4,0,1
95.6,9.33,0,0,0
83.4,6.4,2,0,0
56.9,9.51,1,1,0
68.6,8.16,2,0,0
56.0,6.48,5,0,1
92.9,6.25,0,0,0
89.4,6.49,1,1,0
68.6,8.76,0,0,0
89.2,7.61,0,0,0
63.1,9.08,4,0,1
98.7,5.79,0,0,0
45.7,7.42,4,1,1
98.2,9.73,3,0,0
45.8,8.97,3,0,1
75.1,7.6,2,1,1
46.8,8.44,1,0,1
77.8,8.85,2,0,0
59.3,6.13,0,0,0
